ParticipantID,Condition,Trial,TargetID,Target_Position_X,Target_Position_Y,Target_Position_Z,Selection_Position_X,Selection_Position_Y,Selection_Position_Z,GripperTip_Position_X,GripperTip_Position_Y,GripperTip_Position_Z,Gripper_Position_X,Gripper_Position_Y,Gripper_Position_Z,Distance_Tip_to_Disk,Timestamp
3,C_HumanVertical,1,3,-0.032021,0.7807101,0.9000004,-0.02455301,0.7782476,0.8995381,-0.02455377,0.7782472,0.8005964,-0.001839533,0.7618725,0.6911206,0.09894169,2.02403E+17
3,C_HumanVertical,1,8,-0.0320211,0.3352901,0.9000004,-0.008012122,0.3419188,0.9000005,-0.008011851,0.3419184,0.8067989,0.03451561,0.3784712,0.708695,0.09320155,2.02403E+17
3,C_HumanVertical,1,2,0.0934683,0.7626675,0.9000004,0.1061338,0.7381124,0.9000005,0.1061342,0.738112,0.8082142,0.1175446,0.7114042,0.6990103,0.09178621,2.02403E+17
3,C_HumanVertical,1,7,-0.1473439,0.3879564,0.9000005,-0.1235851,0.3764706,0.9000005,-0.1235846,0.3764702,0.8441726,-0.07082793,0.4016899,0.7474787,0.05582781,2.02403E+17
3,C_HumanVertical,1,1,0.1892821,0.6796446,0.9000005,0.1925915,0.6920515,0.8995806,0.1925912,0.6920509,0.7995843,0.1970833,0.6687738,0.689099,0.09999631,2.02403E+17
3,C_HumanVertical,1,6,-0.2158863,0.4946103,0.9000004,-0.2038708,0.5189708,0.9000003,-0.2038704,0.5189705,0.8140573,-0.1632036,0.5452088,0.7119455,0.085943,2.02403E+17
3,C_HumanVertical,1,0,0.2250001,0.5580002,0.9000006,0.2254078,0.5816546,0.8998604,0.2254079,0.581654,0.8070247,0.2172915,0.5909338,0.6946992,0.09283576,2.02403E+17
3,C_HumanVertical,1,5,-0.2158863,0.6213899,0.9000003,-0.2091232,0.6386796,0.8996772,-0.2091236,0.63868,0.7997041,-0.1645545,0.6488973,0.6963686,0.09997299,2.02403E+17
3,C_HumanVertical,1,10,0.1892819,0.4363559,0.9000005,0.1646362,0.4488743,0.9000005,0.1646363,0.4488738,0.8104647,0.1787495,0.4716684,0.7006912,0.08953582,2.02403E+17
3,C_HumanVertical,1,4,-0.1473439,0.7280439,0.9000004,-0.1240044,0.723766,0.8998766,-0.1240041,0.723766,0.8043125,-0.1182713,0.7347277,0.6919914,0.09556405,2.02403E+17
3,C_HumanVertical,1,9,0.09346823,0.3533327,0.9000005,0.1046365,0.3289235,0.9000005,0.1046369,0.328923,0.8045523,0.1422732,0.3541514,0.7010338,0.0954482,2.02403E+17
3,C_HumanVertical,2,3,-0.032021,0.7807101,0.9000004,-0.02512336,0.7785826,0.8995343,-0.02512398,0.7785822,0.7997502,-0.01519687,0.764254,0.6881029,0.09978411,2.02403E+17
3,C_HumanVertical,2,8,-0.0320211,0.3352901,0.9000004,-0.007298693,0.331367,0.9000004,-0.007298329,0.3313665,0.8133464,0.03777838,0.3633581,0.7147889,0.08665396,2.02403E+17
3,C_HumanVertical,2,2,0.0934683,0.7626675,0.9000004,0.1034576,0.7595789,0.8995569,0.1034573,0.7595786,0.7999036,0.09546895,0.7495797,0.6876305,0.09965325,2.02403E+17
3,C_HumanVertical,2,7,-0.1473439,0.3879564,0.9000005,-0.1526828,0.3635282,0.9000005,-0.1526824,0.3635279,0.8090091,-0.1072028,0.4053829,0.7144112,0.09099135,2.02403E+17
3,C_HumanVertical,2,1,0.1892821,0.6796446,0.9000005,0.1708463,0.7043496,0.9000005,0.1708467,0.7043494,0.8005368,0.1681868,0.6980708,0.6877427,0.09946369,2.02403E+17
3,C_HumanVertical,2,6,-0.2158863,0.4946103,0.9000004,-0.1983834,0.510475,0.8998712,-0.1983832,0.5104756,0.7999594,-0.1309721,0.5139291,0.709335,0.0999118,2.02403E+17
3,C_HumanVertical,2,0,0.2250001,0.5580002,0.9000006,0.2124706,0.5818732,0.9000006,0.2124709,0.5818726,0.8010387,0.2021186,0.609429,0.6919402,0.09896179,2.02403E+17
3,C_HumanVertical,2,5,-0.2158863,0.6213899,0.9000003,-0.2289795,0.6270941,0.8996006,-0.22898,0.6270945,0.8000435,-0.1812006,0.6384067,0.6982681,0.09955707,2.02403E+17
3,C_HumanVertical,2,10,0.1892819,0.4363559,0.9000005,0.1751004,0.4610132,0.9000005,0.1751006,0.4610127,0.8329434,0.1920516,0.4969531,0.7271608,0.0670571,2.02403E+17
3,C_HumanVertical,2,4,-0.1473439,0.7280439,0.9000004,-0.1270535,0.7242609,0.8997276,-0.1270534,0.724261,0.8028597,-0.08056685,0.6972494,0.7034696,0.09686794,2.02403E+17
3,C_HumanVertical,2,9,0.09346823,0.3533327,0.9000005,0.06915714,0.3595155,0.9000005,0.06915744,0.3595152,0.8489358,0.09780641,0.3969958,0.7462544,0.05106466,2.02403E+17
3,C_HumanVertical,3,3,-0.032021,0.7807101,0.9000004,-0.03757523,0.7563695,0.9000005,-0.03757489,0.7563694,0.806187,-0.009029704,0.7257945,0.7012138,0.09381345,2.02403E+17
3,C_HumanVertical,3,8,-0.0320211,0.3352901,0.9000004,-0.01499087,0.3118551,0.9000005,-0.01499056,0.3118546,0.8183853,0.0326241,0.3497845,0.7231846,0.08161512,2.02403E+17
3,C_HumanVertical,3,2,0.0934683,0.7626675,0.9000004,0.09341354,0.7738076,0.8995568,0.09341338,0.7738072,0.7999856,0.09473089,0.7551814,0.688539,0.09957112,2.02403E+17
3,C_HumanVertical,3,7,-0.1473439,0.3879564,0.9000005,-0.1345193,0.3637015,0.9000003,-0.1345189,0.3637012,0.8253519,-0.07980876,0.3983777,0.7327596,0.07464843,2.02403E+17
3,C_HumanVertical,3,1,0.1892821,0.6796446,0.9000005,0.1860786,0.7040023,0.9000005,0.186079,0.7040017,0.8138549,0.1482511,0.7303061,0.7106749,0.08614555,2.02403E+17
3,C_HumanVertical,3,6,-0.2158863,0.4946103,0.9000004,-0.1979705,0.4975036,0.8996605,-0.1979703,0.497504,0.8001487,-0.1503503,0.5275401,0.7021734,0.09951181,2.02403E+17
3,C_HumanVertical,3,0,0.2250001,0.5580002,0.9000006,0.2004865,0.563986,0.9000005,0.2004868,0.5639857,0.8010752,0.2068921,0.5675953,0.6883146,0.09892529,2.02403E+17
3,C_HumanVertical,3,5,-0.2158863,0.6213899,0.9000003,-0.2150916,0.6242195,0.8995107,-0.215092,0.6242198,0.8000969,-0.1698121,0.6366625,0.6973159,0.09941373,2.02403E+17
3,C_HumanVertical,3,10,0.1892819,0.4363559,0.9000005,0.1899066,0.4610736,0.8999752,0.1899071,0.4610735,0.8170098,0.2034417,0.4943592,0.7098751,0.08296531,2.02403E+17
3,C_HumanVertical,3,4,-0.1473439,0.7280439,0.9000004,-0.1396884,0.7405221,0.8996041,-0.1396883,0.7405222,0.8003315,-0.1185406,0.7386082,0.6893444,0.09927252,2.02403E+17
3,C_HumanVertical,3,9,0.09346823,0.3533327,0.9000005,0.1171745,0.3412661,0.9000005,0.1171748,0.3412656,0.8275028,0.1494085,0.3624781,0.7212954,0.07249763,2.02403E+17
3,D_RobotHorizontal,1,3,-0.032021,0.7807101,0.9000004,-0.007327647,0.7694146,0.9000005,-0.007327243,0.7694141,0.8168561,0.006764545,0.7559428,0.7055504,0.08314427,2.02403E+17
3,D_RobotHorizontal,1,8,-0.0320211,0.3352901,0.9000004,-0.008467692,0.3393344,0.8998765,-0.00846759,0.3393347,0.8847916,-0.001702527,0.3925837,0.7853543,0.01508501,2.02403E+17
3,D_RobotHorizontal,1,2,0.0934683,0.7626675,0.9000004,0.08490534,0.740733,0.8998398,0.08490516,0.7407325,0.8006555,0.06189049,0.7551239,0.6909643,0.09918427,2.02403E+17
3,D_RobotHorizontal,1,7,-0.1473439,0.3879564,0.9000005,-0.1450219,0.3639784,0.8999206,-0.1450217,0.3639789,0.8611127,-0.09970933,0.4040277,0.7656566,0.03880795,2.02403E+17
3,D_RobotHorizontal,1,1,0.1892821,0.6796446,0.9000005,0.1646939,0.6810859,0.9000005,0.1646944,0.6810854,0.8199503,0.1251577,0.7081886,0.717621,0.08005015,2.02403E+17
3,D_RobotHorizontal,1,6,-0.2158863,0.4946103,0.9000004,-0.2403489,0.5064182,0.9000003,-0.2403485,0.5064179,0.8359463,-0.1957116,0.5352124,0.7362094,0.06405406,2.02403E+17
3,D_RobotHorizontal,1,0,0.2250001,0.5580002,0.9000006,0.2001669,0.567207,0.9000005,0.2001673,0.5672064,0.8337088,0.1995316,0.5833343,0.7218673,0.06629176,2.02403E+17
3,D_RobotHorizontal,1,5,-0.2158863,0.6213899,0.9000003,-0.2100918,0.6461656,0.9000003,-0.2100913,0.6461653,0.8169316,-0.174274,0.6576336,0.7103736,0.08306871,2.02403E+17
3,D_RobotHorizontal,1,10,0.1892819,0.4363559,0.9000005,0.1863211,0.4606661,0.8999216,0.1863215,0.4606659,0.8451433,0.1915904,0.4886439,0.7357885,0.05477832,2.02403E+17
3,D_RobotHorizontal,1,4,-0.1473439,0.7280439,0.9000004,-0.1716915,0.7401434,0.9000003,-0.171691,0.7401427,0.818877,-0.1407907,0.7258019,0.7111341,0.08112337,2.02403E+17
3,D_RobotHorizontal,1,9,0.09346823,0.3533327,0.9000005,0.1166962,0.3721206,0.9000005,0.1166965,0.3721202,0.8537151,0.137712,0.4037899,0.7472989,0.04628543,2.02403E+17
3,D_RobotHorizontal,2,3,-0.03202109,0.7807099,0.9000003,-0.03150086,0.7875762,0.8995327,-0.03150091,0.7875761,0.8004388,-0.009150751,0.7710204,0.6909153,0.09909391,2.02403E+17
3,D_RobotHorizontal,2,8,-0.03202112,0.3352901,0.9000003,-0.05592372,0.3475889,0.9000003,-0.05592363,0.3475884,0.8707575,-0.04822546,0.4070071,0.7749495,0.02924272,2.02403E+17
3,D_RobotHorizontal,2,2,0.09346817,0.7626671,0.9000003,0.1015204,0.7564777,0.8995543,0.1015206,0.7564777,0.7995711,0.07387401,0.7726184,0.6912007,0.09998311,2.02403E+17
3,D_RobotHorizontal,2,7,-0.147344,0.3879562,0.9000003,-0.1376962,0.3631434,0.9000003,-0.137696,0.3631428,0.8029311,-0.09587979,0.4207143,0.7151479,0.09706913,2.02403E+17
3,D_RobotHorizontal,2,1,0.1892819,0.6796441,0.9000003,0.1946497,0.6713253,0.8995458,0.1946497,0.6713252,0.7995564,0.1904137,0.6825622,0.6871964,0.09998943,2.02403E+17
3,D_RobotHorizontal,2,6,-0.2158863,0.4946101,0.9000003,-0.206273,0.489659,0.8995605,-0.2062728,0.4896589,0.7998355,-0.1610892,0.5344682,0.7064568,0.09972502,2.02403E+17
3,D_RobotHorizontal,2,0,0.2249998,0.558,0.9000004,0.2014204,0.5820727,0.9000003,0.2014206,0.5820721,0.8078919,0.1834605,0.6143017,0.7010852,0.09210842,2.02403E+17
3,D_RobotHorizontal,2,5,-0.2158862,0.6213897,0.9000002,-0.2038937,0.6441848,0.9000003,-0.2038934,0.6441842,0.800095,-0.1680784,0.6589894,0.6939487,0.09990527,2.02403E+17
3,D_RobotHorizontal,2,10,0.1892818,0.4363557,0.9000003,0.1861326,0.4591267,0.8998299,0.1861324,0.4591265,0.8260435,0.1925931,0.4914077,0.7179452,0.07378635,2.02403E+17
3,D_RobotHorizontal,2,4,-0.147344,0.7280436,0.9000003,-0.1721507,0.721672,0.9000002,-0.1721505,0.7216715,0.8005271,-0.1356757,0.7162836,0.6937116,0.09947313,2.02403E+17
3,D_RobotHorizontal,2,9,0.09346807,0.3533328,0.9000003,0.1175854,0.3374464,0.9000004,0.1175855,0.3374458,0.8629782,0.136454,0.3756902,0.7583345,0.03702216,2.02403E+17
3,D_RobotHorizontal,3,3,-0.03202109,0.7807099,0.9000003,-0.01551844,0.7767039,0.8996465,-0.01551844,0.7767037,0.7998122,-0.01237435,0.7737558,0.6868944,0.09983434,2.02403E+17
3,D_RobotHorizontal,3,8,-0.03202112,0.3352901,0.9000003,-0.01096018,0.3448139,0.899838,-0.01096009,0.3448137,0.8515399,0.02236382,0.3874717,0.7523492,0.04829817,2.02403E+17
3,D_RobotHorizontal,3,2,0.09346817,0.7626671,0.9000003,0.09079788,0.7450407,0.8996612,0.09079816,0.7450405,0.7998563,0.08667895,0.744605,0.6869321,0.09980489,2.02403E+17
3,D_RobotHorizontal,3,7,-0.147344,0.3879562,0.9000003,-0.1473605,0.3649428,0.8998204,-0.1473604,0.364943,0.8370312,-0.1061556,0.4148202,0.7443843,0.06278928,2.02403E+17
3,D_RobotHorizontal,3,1,0.1892819,0.6796441,0.9000003,0.1835661,0.6789738,0.899519,0.1835663,0.6789737,0.8001865,0.159891,0.6993333,0.6915862,0.09933258,2.02403E+17
3,D_RobotHorizontal,3,6,-0.2158863,0.4946101,0.9000003,-0.2164138,0.4709871,0.8998597,-0.2164136,0.4709869,0.8110125,-0.1734002,0.515624,0.7165329,0.08884718,2.02403E+17
3,D_RobotHorizontal,3,0,0.2249998,0.558,0.9000004,0.2114133,0.577787,0.8999076,0.2114131,0.5777866,0.8081118,0.2042556,0.6047972,0.6986212,0.09179573,2.02403E+17
3,D_RobotHorizontal,3,5,-0.2158862,0.6213897,0.9000002,-0.2195818,0.626484,0.899527,-0.2195819,0.6264839,0.8009018,-0.1828826,0.6457319,0.6957749,0.09862518,2.02403E+17
3,D_RobotHorizontal,3,10,0.1892818,0.4363557,0.9000003,0.1647558,0.4274171,0.9000003,0.1647559,0.4274166,0.8521086,0.1666865,0.4677987,0.7465879,0.04789166,2.02403E+17
3,D_RobotHorizontal,3,4,-0.147344,0.7280436,0.9000003,-0.1227126,0.7043163,0.9000002,-0.1227123,0.7043157,0.8100518,-0.08354387,0.6975914,0.7042707,0.08994845,2.02403E+17
3,D_RobotHorizontal,3,9,0.09346807,0.3533328,0.9000003,0.07056125,0.3781634,0.9000003,0.07056151,0.3781628,0.8572527,0.09258866,0.4194643,0.7544033,0.04274761,2.02403E+17
3,D_RobotHorizontal,4,3,-0.03202109,0.7807099,0.9000003,-0.007120365,0.8046375,0.9000003,-0.007120123,0.8046369,0.821808,-0.01847412,0.7936139,0.7099216,0.07819225,2.02403E+17
3,D_RobotHorizontal,4,8,-0.03202112,0.3352901,0.9000003,-0.009053604,0.3417347,0.8998916,-0.009053553,0.3417345,0.8523387,0.02627298,0.3841727,0.7537485,0.04755286,2.02403E+17
3,D_RobotHorizontal,4,2,0.09346817,0.7626671,0.9000003,0.07286361,0.7387794,0.9000003,0.07286376,0.7387788,0.8451936,0.06138812,0.7412296,0.7328045,0.05480671,2.02403E+17
3,D_RobotHorizontal,4,7,-0.147344,0.3879562,0.9000003,-0.1399659,0.3664634,0.8998029,-0.1399657,0.3664635,0.8354509,-0.08934043,0.409507,0.7440543,0.06435202,2.02403E+17
3,D_RobotHorizontal,4,1,0.1892819,0.6796441,0.9000003,0.1647044,0.6972369,0.9000003,0.1647044,0.6972364,0.8054634,0.1553639,0.7064363,0.6932265,0.09453698,2.02403E+17
3,D_RobotHorizontal,4,6,-0.2158863,0.4946101,0.9000003,-0.2102727,0.4917535,0.8995286,-0.2102723,0.4917536,0.7999683,-0.1518752,0.5228927,0.708376,0.09956027,2.02403E+17
3,D_RobotHorizontal,4,0,0.2249998,0.558,0.9000004,0.2453103,0.5385817,0.9000005,0.2453104,0.5385811,0.8014483,0.2382077,0.5704635,0.6932722,0.09855211,2.02403E+17
3,D_RobotHorizontal,4,5,-0.2158862,0.6213897,0.9000002,-0.2390225,0.6340999,0.9000003,-0.2390223,0.6340995,0.8005594,-0.1991377,0.654496,0.6968184,0.09944082,2.02403E+17
3,D_RobotHorizontal,4,10,0.1892818,0.4363557,0.9000003,0.2133341,0.4403906,0.8998985,0.2133339,0.4403905,0.8018213,0.2160303,0.486622,0.6987464,0.09807717,2.02403E+17
3,D_RobotHorizontal,4,4,-0.147344,0.7280436,0.9000003,-0.1592744,0.7160754,0.899646,-0.159275,0.7160751,0.8006745,-0.1212911,0.714274,0.6942651,0.09897149,2.02403E+17
3,D_RobotHorizontal,4,9,0.09346807,0.3533328,0.9000003,0.1176972,0.3539777,0.8999547,0.1176974,0.3539777,0.8344491,0.1375737,0.3952103,0.7311351,0.06550562,2.02403E+17
3,B_HumanHorizontal,1,3,-0.03202109,0.7807099,0.9000003,-0.05209118,0.7759838,0.899738,-0.05209119,0.7759836,0.8003283,-0.0445971,0.7811551,0.6876957,0.09940971,2.02403E+17
3,B_HumanHorizontal,1,8,-0.03202112,0.3352901,0.9000003,-0.007830874,0.3178909,0.9000003,-0.007830772,0.3178904,0.8793834,0.02562275,0.3617893,0.7807794,0.02061688,2.02403E+17
3,B_HumanHorizontal,1,2,0.09346817,0.7626671,0.9000003,0.08908886,0.7759669,0.899601,0.0890891,0.7759668,0.8008854,0.08984122,0.764617,0.6884595,0.09871554,2.02403E+17
3,B_HumanHorizontal,1,7,-0.147344,0.3879562,0.9000003,-0.1410062,0.3661227,0.8998022,-0.1410061,0.3661227,0.8800483,-0.09196649,0.3992597,0.7837881,0.01975391,2.02403E+17
3,B_HumanHorizontal,1,1,0.1892819,0.6796441,0.9000003,0.202781,0.6691781,0.8996488,0.2027811,0.6691778,0.7999572,0.2030429,0.6695755,0.6869581,0.09969164,2.02403E+17
3,B_HumanHorizontal,1,6,-0.2158863,0.4946101,0.9000003,-0.2222351,0.4702429,0.9000003,-0.2222349,0.4702424,0.8133941,-0.1684617,0.5061839,0.7207353,0.08660614,2.02403E+17
3,B_HumanHorizontal,1,0,0.2249998,0.558,0.9000004,0.2003056,0.5732883,0.9000003,0.2003056,0.5732875,0.8171827,0.201982,0.5900529,0.7054459,0.08281762,2.02403E+17
3,B_HumanHorizontal,1,5,-0.2158862,0.6213897,0.9000002,-0.2243274,0.598006,0.9000002,-0.224327,0.5980054,0.8152248,-0.1662155,0.5991962,0.7183198,0.08477542,2.02403E+17
3,B_HumanHorizontal,1,10,0.1892818,0.4363557,0.9000003,0.2127786,0.4601144,0.9000004,0.2127787,0.4601139,0.8396189,0.2184596,0.4831998,0.7291482,0.06038148,2.02403E+17
3,B_HumanHorizontal,1,4,-0.147344,0.7280436,0.9000003,-0.1259274,0.7377954,0.8998518,-0.1259282,0.737795,0.8000966,-0.09018175,0.7302575,0.6931648,0.09975518,2.02403E+17
3,B_HumanHorizontal,1,9,0.09346807,0.3533328,0.9000003,0.1111132,0.3576018,0.8996688,0.1111133,0.3576017,0.8786864,0.1305233,0.3917226,0.772724,0.02098238,2.02403E+17
3,B_HumanHorizontal,2,3,-0.03202109,0.7807099,0.9000003,-0.03014605,0.7920129,0.8995695,-0.03014608,0.7920128,0.8000548,-0.01864282,0.7836816,0.687951,0.09951461,2.02403E+17
3,B_HumanHorizontal,2,8,-0.03202112,0.3352901,0.9000003,-0.05674782,0.3229475,0.9000003,-0.05674766,0.3229471,0.8802931,-0.01528216,0.3552836,0.7802733,0.01970718,2.02403E+17
3,B_HumanHorizontal,2,2,0.09346817,0.7626671,0.9000003,0.07764293,0.7503132,0.8997241,0.07764312,0.750313,0.7999353,0.07375044,0.7578505,0.6872543,0.0997888,2.02403E+17
3,B_HumanHorizontal,2,7,-0.147344,0.3879562,0.9000003,-0.1369978,0.363482,0.9000003,-0.1369977,0.3634815,0.8695875,-0.09006116,0.3993321,0.7732512,0.03041277,2.02403E+17
3,B_HumanHorizontal,2,1,0.1892819,0.6796441,0.9000003,0.171711,0.7032171,0.9000005,0.1717112,0.7032166,0.8071009,0.1560228,0.7175708,0.6961195,0.0928995,2.02403E+17
3,B_HumanHorizontal,2,6,-0.2158863,0.4946101,0.9000003,-0.2365909,0.5094571,0.9000002,-0.2365906,0.5094566,0.8454409,-0.1949278,0.5371366,0.7441146,0.05455923,2.02403E+17
3,B_HumanHorizontal,2,0,0.2249998,0.558,0.9000004,0.2229509,0.5826544,0.8999726,0.2229508,0.5826541,0.8531453,0.2217049,0.5884209,0.7402993,0.04682723,2.02403E+17
3,B_HumanHorizontal,2,5,-0.2158862,0.6213897,0.9000002,-0.2206504,0.5976779,0.8999048,-0.2206506,0.5976781,0.8097594,-0.1692511,0.6102637,0.7099162,0.09014537,2.02403E+17
3,B_HumanHorizontal,2,10,0.1892818,0.4363557,0.9000003,0.2036356,0.4612317,0.9000005,0.2036358,0.4612312,0.8461334,0.2118187,0.4810987,0.7351949,0.05386709,2.02403E+17
3,B_HumanHorizontal,2,4,-0.147344,0.7280436,0.9000003,-0.123327,0.7242442,0.8999329,-0.1233276,0.7242438,0.8147565,-0.09560286,0.7232335,0.7052152,0.08517644,2.02403E+17
3,B_HumanHorizontal,2,9,0.09346807,0.3533328,0.9000003,0.1102219,0.3482148,0.8996597,0.1102221,0.3482147,0.8786619,0.1280591,0.380379,0.7718148,0.02099775,2.02403E+17
3,B_HumanHorizontal,3,3,-0.03202109,0.7807099,0.9000003,-0.05631045,0.7771727,0.8999824,-0.05631045,0.7771729,0.8073838,-0.03780646,0.7664656,0.6964244,0.09259861,2.02403E+17
3,B_HumanHorizontal,3,8,-0.03202112,0.3352901,0.9000003,-0.008625938,0.3176324,0.9000003,-0.008625762,0.3176319,0.8762472,0.02121275,0.3658827,0.7785205,0.02375307,2.02403E+17
3,B_HumanHorizontal,3,2,0.09346817,0.7626671,0.9000003,0.1130321,0.7697619,0.8997328,0.1130323,0.7697619,0.7998968,0.1079072,0.7608316,0.6873667,0.09983601,2.02403E+17
3,B_HumanHorizontal,3,7,-0.147344,0.3879562,0.9000003,-0.1228155,0.372649,0.9000003,-0.1228153,0.3726484,0.8659012,-0.07417446,0.4047341,0.7690839,0.034099,2.02403E+17
3,B_HumanHorizontal,3,1,0.1892819,0.6796441,0.9000003,0.1852629,0.7043116,0.9000004,0.1852631,0.704311,0.812123,0.174225,0.7058842,0.6996745,0.08787739,2.02403E+17
3,B_HumanHorizontal,3,6,-0.2158863,0.4946101,0.9000003,-0.2172149,0.4864697,0.8995436,-0.2172146,0.4864696,0.8013971,-0.1556423,0.5132543,0.7105103,0.09814643,2.02403E+17
3,B_HumanHorizontal,3,0,0.2249998,0.558,0.9000004,0.2001926,0.5790752,0.9000004,0.2001927,0.5790746,0.8059391,0.1749958,0.6223091,0.7046234,0.0940612,2.02403E+17
3,B_HumanHorizontal,3,5,-0.2158862,0.6213897,0.9000002,-0.1982377,0.6299892,0.8997072,-0.1982378,0.6299893,0.8007514,-0.1530517,0.6451407,0.6982934,0.09895575,2.02403E+17
3,B_HumanHorizontal,3,10,0.1892818,0.4363557,0.9000003,0.1949457,0.4604402,0.9000004,0.1949459,0.4604396,0.8503378,0.2014817,0.4877194,0.740875,0.04966254,2.02403E+17
3,B_HumanHorizontal,3,4,-0.147344,0.7280436,0.9000003,-0.1712487,0.7375069,0.9000003,-0.1712485,0.7375063,0.8068792,-0.1423291,0.7335601,0.6977137,0.09312099,2.02403E+17
3,B_HumanHorizontal,3,9,0.09346807,0.3533328,0.9000003,0.1102837,0.3288293,0.9000003,0.1102837,0.3288288,0.8823518,0.1284195,0.3637684,0.7764305,0.01764853,2.02403E+17
3,A_Baseline,1,3,-0.03202109,0.7807099,0.9000003,-0.01169024,0.8045956,0.9000003,-0.0116901,0.8045952,0.8230216,-0.022663,0.7991405,0.7106878,0.07697869,2.02403E+17
3,A_Baseline,1,8,-0.03202112,0.3352901,0.9000003,-0.01721817,0.3126081,0.9000003,-0.01721802,0.3126075,0.8974389,0.01650725,0.3446932,0.7944725,0.002561362,2.02403E+17
3,A_Baseline,1,2,0.09346817,0.7626671,0.9000003,0.06936816,0.768019,0.8999823,0.06936854,0.768019,0.8036106,0.0799429,0.7463603,0.693211,0.09637163,2.02403E+17
3,A_Baseline,1,7,-0.147344,0.3879562,0.9000003,-0.1234323,0.363986,0.9000002,-0.1234321,0.3639853,0.8752337,-0.07561034,0.3942544,0.7774287,0.02476648,2.02403E+17
3,A_Baseline,1,1,0.1892819,0.6796441,0.9000003,0.16501,0.6883247,0.9000004,0.1650102,0.6883242,0.8255358,0.1506783,0.7014136,0.714215,0.07446466,2.02403E+17
3,A_Baseline,1,6,-0.2158863,0.4946101,0.9000003,-0.2402304,0.4753884,0.9000002,-0.2402302,0.475388,0.8573642,-0.1873664,0.4955558,0.7595497,0.04263603,2.02403E+17
3,A_Baseline,1,0,0.2249998,0.558,0.9000004,0.2001857,0.5471096,0.9000004,0.2001858,0.547109,0.8374572,0.1760493,0.5959895,0.7384766,0.06254312,2.02403E+17
3,A_Baseline,1,5,-0.2158862,0.6213897,0.9000002,-0.2284311,0.5970262,0.9000002,-0.2284309,0.5970257,0.8172624,-0.1686499,0.5948408,0.7213954,0.08273775,2.02403E+17
3,A_Baseline,1,10,0.1892818,0.4363557,0.9000003,0.1685957,0.4580742,0.9000004,0.1685957,0.4580737,0.8469475,0.1727358,0.4935886,0.7397534,0.05305288,2.02403E+17
3,A_Baseline,1,4,-0.147344,0.7280436,0.9000003,-0.1717644,0.7255977,0.9000003,-0.1717642,0.7255973,0.8100526,-0.1321596,0.7135164,0.7049121,0.0899476,2.02403E+17
3,A_Baseline,1,9,0.09346807,0.3533328,0.9000003,0.1179362,0.3311058,0.9000003,0.1179363,0.3311052,0.8732594,0.1393586,0.3627239,0.7669093,0.02674084,2.02403E+17
3,A_Baseline,2,3,-0.03202109,0.7807099,0.9000003,-0.02355065,0.758465,0.8998905,-0.0235506,0.7584649,0.8058644,-0.004510227,0.7442041,0.6953968,0.09402604,2.02403E+17
3,A_Baseline,2,8,-0.03202112,0.3352901,0.9000003,-0.01016771,0.3596463,0.9000003,-0.01016747,0.3596457,0.8435354,0.02628413,0.4017206,0.7451993,0.05646493,2.02403E+17
3,A_Baseline,2,2,0.09346817,0.7626671,0.9000003,0.1168085,0.7464064,0.9000004,0.1168087,0.7464058,0.8021014,0.1100667,0.749477,0.6893445,0.09789895,2.02403E+17
3,A_Baseline,2,7,-0.147344,0.3879562,0.9000003,-0.1236146,0.3809526,0.8999807,-0.1236147,0.3809525,0.8868276,-0.07756501,0.4077129,0.7871667,0.0131531,2.02403E+17
3,A_Baseline,2,1,0.1892819,0.6796441,0.9000003,0.172048,0.7035566,0.9000004,0.1720482,0.703556,0.8211914,0.1705489,0.6897917,0.7090429,0.07880893,2.02403E+17
3,A_Baseline,2,6,-0.2158863,0.4946101,0.9000003,-0.1918574,0.5077966,0.9000002,-0.1918572,0.5077961,0.8613358,-0.1412784,0.5208191,0.7611303,0.0386644,2.02403E+17
3,A_Baseline,2,0,0.2249998,0.558,0.9000004,0.2337841,0.5815696,0.9000004,0.2337842,0.5815691,0.826404,0.2280601,0.5948885,0.7143379,0.07359633,2.02403E+17
3,A_Baseline,2,5,-0.2158862,0.6213897,0.9000002,-0.1989283,0.5998232,0.9000002,-0.1989281,0.5998227,0.82894,-0.149178,0.6093282,0.7279273,0.07106024,2.02403E+17
3,A_Baseline,2,10,0.1892818,0.4363557,0.9000003,0.2072585,0.4604254,0.9000003,0.2072586,0.4604248,0.8607591,0.1962339,0.497554,0.7546042,0.03924127,2.02403E+17
3,A_Baseline,2,4,-0.147344,0.7280436,0.9000003,-0.1656044,0.7036462,0.9000003,-0.1656042,0.7036455,0.8332393,-0.1289568,0.6894019,0.7273002,0.06676091,2.02403E+17
3,A_Baseline,2,9,0.09346807,0.3533328,0.9000003,0.07041883,0.3305823,0.9000003,0.07041889,0.3305818,0.8842642,0.09350914,0.3629014,0.7784755,0.01573604,2.02403E+17
3,A_Baseline,3,3,-0.03202109,0.7807099,0.9000003,-0.03168583,0.7971519,0.8996308,-0.03168584,0.7971516,0.800048,-0.02051551,0.7819322,0.688636,0.0995828,2.02403E+17
3,A_Baseline,3,8,-0.03202112,0.3352901,0.9000003,-0.009546086,0.3432235,0.8998991,-0.009545937,0.3432232,0.8619006,0.02829793,0.3791093,0.7616559,0.03799849,2.02403E+17
3,A_Baseline,3,2,0.09346817,0.7626671,0.9000003,0.08122456,0.7854772,0.9000003,0.08122478,0.7854764,0.8063613,0.07892128,0.7717724,0.6942189,0.09363908,2.02403E+17
3,A_Baseline,3,7,-0.147344,0.3879562,0.9000003,-0.1292027,0.3637725,0.9000003,-0.1292025,0.3637719,0.8575456,-0.07700963,0.3949266,0.7622865,0.04245471,2.02403E+17
3,A_Baseline,3,1,0.1892819,0.6796441,0.9000003,0.2129026,0.6879752,0.9000005,0.2129028,0.6879743,0.8226699,0.2052882,0.6775489,0.7104096,0.07733048,2.02403E+17
3,A_Baseline,3,6,-0.2158863,0.4946101,0.9000003,-0.2392291,0.5126234,0.9000002,-0.239229,0.5126228,0.8086036,-0.1754341,0.5289191,0.7167687,0.09139661,2.02403E+17
3,A_Baseline,3,0,0.2249998,0.558,0.9000004,0.2456384,0.5678407,0.8998083,0.2456382,0.5678405,0.8326672,0.2383371,0.5787396,0.7204313,0.06714107,2.02403E+17
3,A_Baseline,3,5,-0.2158862,0.6213897,0.9000002,-0.194921,0.5968374,0.9000003,-0.1949208,0.5968369,0.8135894,-0.1428799,0.6061699,0.7137213,0.08641087,2.02403E+17
3,A_Baseline,3,10,0.1892818,0.4363557,0.9000003,0.1889254,0.4115866,0.8999782,0.1889251,0.4115863,0.8627996,0.1982678,0.4333736,0.752314,0.03717856,2.02403E+17
3,A_Baseline,3,4,-0.147344,0.7280436,0.9000003,-0.1236877,0.7179068,0.9000002,-0.1236876,0.7179061,0.8134236,-0.08069219,0.6965479,0.7111289,0.08657657,2.02403E+17
3,A_Baseline,3,9,0.09346807,0.3533328,0.9000003,0.1127661,0.3304416,0.9000004,0.1127663,0.330441,0.8889583,0.1312438,0.3582247,0.780997,0.011042,2.02403E+17
